,0,1,2,3,4,5,6
0,LU0569974404, Aperam,Equi.,EUR,26/03/2018,"38,37 i",
1,LU1598757687, ArcelorMittal,Equi.,EUR,26/03/2018,"24,905 i",
2,LU1068091351, Brederode,Equi.,EUR,26/03/2018,"48,75 i",
3,FR0010208488, Engie,Equi.,EUR,26/03/2018,"13,26 i",
4,FR0000061418, FiducOffSolut,Equi.,EUR,26/03/2018,"30,0 vp",
5,FR0000060535, FidRealEstate,Equi.,EUR,26/03/2018,"200,0 vp",
6,HU0000096409, FotexHolding,Equi.,EUR,23/03/2018,"1,76 t",
7,LU0974299876, Globant,Equi.,USD,26/03/2018,"53,0 i",
8,DE000A13SX22, HellaGmbHKGaa,Equi.,EUR,26/03/2018,"52,25 i",
9,LU0092846210, ImmoLux-Airport,Equi.,EUR,16/03/2018,"220,0 i",
10,LU0502900771, Luxempart,Equi.,EUR,26/03/2018,"52,5 t",
11,DE000BFB0019, Metro ord,Equi.,EUR,26/03/2018,"14,55 i",
12,DE000BFB0027, Metro prv,Equi.,EUR,23/03/2018,"14,9 i",
13,US6084642023, MOL Nyrt ADR,Equi.,USD,26/03/2018,"5,65 i",
14,GRS003013000, NatlBkGreece,Equi.,EUR,07/10/2006,"28,8 i",
15,LU0122624777, OrcoPropertyGrp,Equi.,EUR,26/03/2018,"0,44 t",74 111
16,DE000PSM7770, Prosiebensat1Me,Equi.,EUR,26/03/2018,"27,47 i",
17,LU0383812293, ReinetInvest,Equi.,EUR,26/03/2018,"15,0 t",5 510
18,NL0000289783, RobGloStEqFd cat A,Equi.,EUR,26/03/2018,"35,4 i",
19,DE000A12UKK6, RocketInternet,Equi.,EUR,26/03/2018,"24,8 i",
20,NL0000289817, Rolinco ord A,Equi.,EUR,26/03/2018,"37,8 i",
21,LU0061462528, RTLGroup,Equi.,EUR,26/03/2018,"65,85 i",
22,LU0720694636, StCroixHldgImSo,Equi.,EUR,02/08/2018,"72,5 t",
23,DE000SHA0159, Schaeffler,Equi.,EUR,26/03/2018,"12,285 i",
24,LU0088087324, SES FDR,Equi.,EUR,26/03/2018,"12,11 i",
25,LU0056569402, Socfinaf,Equi.,EUR,26/03/2018,"14,5 t",
26,LU0092047413, Socfinasia,Equi.,EUR,26/03/2018,"18,0 t",2 725
27,LU0011858965, SEO .prvB,Equi.,EUR,27/02/2018,"258,0 i",
28,LU0011858700, SEO 1/5prvB,Equi.,EUR,03/05/2018,"49,0 t",
29,LU0027967834, SocFinCaoutchcs,Equi.,EUR,26/03/2018,"28,2 i",
30,GB0057139940, SunInterbrew act cl A,Equi.,USD,24/05/2005,33 i,
31,GB0049659120, SunInterbrew act cl B,Equi.,USD,24/05/2005,33 i,
32,DE000A1PG7W8, Tintbright,Equi.,EUR,18/09/2015,"1,261 i",
33,LU0982016452, TouchstoneCapGr,Equi.,EUR,19/12/2014,"0,11 t",20 000
34,DE0007664005, Volkswagen ord,Equi.,EUR,26/03/2018,"158,1 i",
35,DE0007664039, Volkswagen prv,Equi.,EUR,26/03/2018,"156,2 i",
36,DE000A1ML7J1, Vonovia,Equi.,EUR,26/03/2018,"39,26 i",
