,0,1,2,3,4,5,6
0,DE000SHA0159, Schaeffler,Equi.,EUR,26/03/2018,"12,285 i",
1,DE000PSM7770, Prosiebensat1Me,Equi.,EUR,26/03/2018,"27,47 i",
2,GRS003013000, NatlBkGreece,Equi.,EUR,07/10/2006,"28,8 i",
3,US6084642023, MOL Nyrt ADR,Equi.,USD,26/03/2018,"5,65 i",
4,DE000BFB0027, Metro prv,Equi.,EUR,23/03/2018,"14,9 i",
5,DE000A13SX22, HellaGmbHKGaa,Equi.,EUR,26/03/2018,"52,25 i",
6,DE000BFB0019, Metro ord,Equi.,EUR,26/03/2018,"14,55 i",
7,LU0982016452, TouchstoneCapGr,Equi.,EUR,19/12/2014,"0,11 t",20 000
8,LU0092846210, ImmoLux-Airport,Equi.,EUR,16/03/2018,"220,0 i",
