,0,1,2,3,4,5,6
0,US3684672054, ChemWGedRichter GDS,Equi.,USD,26/03/2018,"21,0 i",
1,US3016EQ1000, Exelor GDR,Equi.,USD,30/11/2017,"22,5 t",10 000
2,US4491877076, HyundaiMotor ord GDS,Equi.,USD,26/03/2018,"69,5 i",
3,USY384721251, HyundaiMotor priv1 GDR,Equi.,USD,26/03/2018,"40,7 i",
4,US4491875096, HyundaiMotor priv2 GDR,Equi.,USD,26/03/2018,"44,6 i",
5,US50186U2033, LICHousingFin GDS,Equi.,USD,26/03/2018,"16,8 i",
6,USY6525B1190, OrientalHotels GDR,Equi.,USD,26/03/2018,"0,635 i",
7,USX607461166, OTP Bank Nyrt GDR,Equi.,USD,26/03/2018,"22,6 i",
8,US7960502018, SamsungElec GDS,Equi.,USD,26/03/2018,"955,0 i",
9,US86677C3025, SunInterbrew cl A GDR,Equi.,USD,17/12/2010,"33,41 t",
10,US86677C4015, SunInterbrew cl A GDR,Equi.,EUR,21/12/2006,"24,75 i",
11,US86677C7083, SunInterbrew cl B GDR,Equi.,USD,08/02/2007,"31,5 t",
12,US9001104044, Tofas GDS,Equi.,USD,26/03/2018,"16,9 i",
