,0,1,2,3,4,5,6
0,US00437R2022, Accton TechCorp GDR,Equi.,USD,26/03/2018,"6,55 i",
1,US0070261070, AdityaBirlaCap  GDS,Equi.,USD,26/03/2018,"2,26 i",
2,US02336R2004, AmbujaCements GDR,Equi.,USD,26/03/2018,"3,56 i",
3,US0376082055, ApolloHospitals GDR,Equi.,USD,26/03/2018,"15,6 i",
4,US04648R6053, AsustekComputer Reg S GDS,Equi.,USD,26/03/2018,"46,8 i",
5,US04648R5063, AsustekComputer Rule 144A GDS,Equi.,USD,26/03/2018,"46,8 i",
6,US0585883020, BallarpurIndust   GDS,Equi.,USD,26/03/2018,"2,92 i",
7,XS0217525681, BharatForge GDR,Equi.,USD,26/03/2018,"10,8 i",
8,US0936881095, BlomBankSAL GDS,Equi.,USD,23/03/2018,"11,8 i",
9,USY0922X1139, BombayDyManufCo  GDR,Equi.,USD,26/03/2018,"3,66 i",
10,US14912K2024, CatcherTechn Reg S GDS,Equi.,USD,26/03/2018,"61,5 i",
11,US14912K1034, CatcherTechn Rule 144A GDS,Equi.,USD,26/03/2018,"61,5 i",
12,US14915V2051, CathayFinHldg GDS,Equi.,USD,26/03/2018,"18,1 i",
13,USY126521480, CESC GDR,Equi.,USD,26/03/2018,"14,6 i",
14,US1571283076, CESC 05 GDR,Equi.,USD,26/03/2018,"14,6 i",
15,US1574602058, ChaileaseHoldCo GDS Reg S,Equi.,USD,26/03/2018,"17,7 i",
16,US1574601068, ChaileaseHoldCo GDS Rule144A,Equi.,USD,26/03/2018,"17,7 i",
17,USY150411251, ChinaSteelCorp GDS,Equi.,USD,26/03/2018,"16,1 i",
18,US17133M7092, ChunghwaPicTub GDS,Equi.,USD,26/03/2018,"1,92 i",
19,US1729772095, Cipla GDS,Equi.,USD,26/03/2018,"8,35 i",
20,US20440Y2000, CompalElec GDS,Equi.,USD,26/03/2018,"3,42 i",
21,US2198693028, CorpFinanColom GDS,Equi.,USD,03/08/2018,"13,9 i",
22,US2476293061, DeltaElectronI GDR,Equi.,USD,26/03/2018,"21,8 i",
23,US25471A1043, DishTVIndia GDR,Equi.,USD,26/03/2018,"1110,0 i",
24,US26854W2008, EInkHoldings GDS,Equi.,USD,26/03/2018,"16,6 i",
25,US26915N2071, ESunFinanceHldg GDS Reg S,Equi.,USD,26/03/2018,"16,6 i",
26,US29428C2052, EpistarCorp GDS,Equi.,USD,26/03/2018,"7,55 i",
27,US30733T2069, FarEasternIntBk Reg S GDS,Equi.,USD,26/03/2018,"6,65 i",
28,US30733T1079, FarEasternIntBk Rule 144A GDS,Equi.,USD,26/03/2018,"6,65 i",
29,US3073313062, FarEastNewCenCo GDS,Equi.,USD,26/03/2018,"8,9 i",
30,US30733Q7079, FarEastoneTelec GDR,Equi.,USD,26/03/2018,"39,0 i",
31,USY249531127, FinolexCables GDR,Equi.,USD,26/03/2018,"9,95 i",
32,US32021V2088, FirstFinancHldg GDS,Equi.,USD,26/03/2018,"13,8 i",
33,US34955X1019, ForteBank CS Reg S GDR,Equi.,USD,16/04/2015,"0,0030 t",2 000
34,US34955X2009, ForteBank CS Rule 144A GDR,Equi.,USD,09/02/2010,"10,19 i",
35,US3595154002, FubonFinHldg Reg S GDS,Equi.,USD,26/03/2018,"17,3 i",
36,US3595153012, FubonFinHldg Rule 144A GDS,Equi.,USD,26/03/2018,"17,3 i",
37,US3701472090, GISHolding Reg S GDS,Equi.,USD,26/03/2018,"6,05 i",
38,US3701471001, GISHolding Rule 144A GDS,Equi.,USD,26/03/2018,"6,05 i",
39,US37891E1038, GlobalWafers Reg S GDS,Equi.,USD,26/03/2018,"15,5 i",
40,US3887061030, GrasimInd GDS,Equi.,USD,26/03/2018,"16,6 i",
41,US3887064000, GrasimInd '99 GDS,Equi.,USD,26/03/2018,"16,6 i",
42,US39303W2008, GreenEnergyTech Reg S GDS,Equi.,USD,26/03/2018,"2,62 i",
43,US39303W1018, GreenEnergyTech Rule 144A GDS,Equi.,USD,26/03/2018,"2,62 i",
44,USY3062S1346, HannstarDisplay GDS,Equi.,USD,26/03/2018,"7,0 i",
45,US40415F2002, HDFCBank GDR,Equi.,USD,26/03/2018,"14,6 i",
46,US4330641022, HindalcoInd GDR,Equi.,USD,26/03/2018,"3,26 i",
47,US40432G2075, HTC Corporation GDR,Equi.,USD,26/03/2018,"8,65 i",
48,US45408P6025, IndiaCement 2005 GDR,Equi.,USD,26/03/2018,"4,36 i",
49,US45410E1082, IndiabullsHousF GDR,Equi.,USD,26/03/2018,"18,6 i",
50,US45409E2000, IndiabullRealEs Reg S GDR,Equi.,USD,26/03/2018,"2,9 i",
51,US45409E1010, IndiabullRealEs Rule 144A GDR,Equi.,USD,26/03/2018,"2,9 i",
52,US45409Y2063, IndiabullsVent GDR,Equi.,USD,26/03/2018,"3,78 i",
53,US4557861030, IndusindBank GDR,Equi.,USD,26/03/2018,"27,2 i",
54,US4560361028, IndBkKorea GDS,Equi.,USD,26/03/2018,"14,9 i",
55,US4517371005, IndustInvTrust GDS,Equi.,USD,26/03/2018,"3,02 i",
56,USY4211T1145, ITC GDR,Equi.,USD,26/03/2018,"3,98 i",
57,US47760U1043, JindalStHisar Reg S GDS,Equi.,USD,26/03/2018,"4,68 i",
58,US4775862000, JindalStainless GDS,Equi.,USD,26/03/2018,"2,32 i",
59,USY445581157, JohnKeellsHldgs GDR,Equi.,USD,26/03/2018,"2,06 i",
60,US48576W1027, KarurPackkag GDR,Equi.,USD,28/11/2016,"0,5 i",
61,US4925322053, KesoramIndus GDR,Equi.,USD,26/03/2018,"1,67 i",
62,US48268G1004, KT&GCorporation GDS,Equi.,USD,26/03/2018,"45,8 i",
63,USY5217N1183, Larsen&Toubro GDS,Equi.,USD,26/03/2018,"19,96 i",
64,USY541641194, Mahindra GDR,Equi.,USD,26/03/2018,"11,55 i",
65,US6197312019, MotechIndust GDS,Equi.,USD,26/03/2018,"0,78 i",
66,US6288422057, NCC LIMITED GDR,Equi.,USD,26/03/2018,"1,82 i",
67,US63975T1051, NectarLifescien GDR,Equi.,USD,26/03/2018,"0,396 i",
68,US64046D2027, NeoSolarPower Reg S GDS,Equi.,USD,26/03/2018,"2,22 i",
69,US64046D1037, NeoSolarPower Rule 144A GDS,Equi.,USD,26/03/2018,"2,22 i",
70,US68572Y2090, OrchidPharma GDR,Equi.,USD,26/03/2018,"0,176 i",
71,US6954891049, PaisaloDigital GDR,Equi.,USD,26/03/2018,"0,885 i",
72,US6982941055, PanamaPetrochem GDR,Equi.,USD,26/03/2018,"108,0 i",
73,US6990021015, ParadeTechnolog Rule 144A GDS,Equi.,USD,26/03/2018,"19,9 i",
74,US6990022005, ParadeTechnolog Reg S GDS,Equi.,USD,26/03/2018,"19,9 i",
75,US7055802075, Pegatron Reg S GDS,Equi.,USD,26/03/2018,"12,6 i",
76,US7055801085, Pegatron Rule 144A GDS,Equi.,USD,26/03/2018,"12,6 i",
77,US73931M7149, PowerchipTechno Reg S GDS,Equi.,USD,12/10/2012,"0,1 i",
78,US7393681082, PowertechTechno GDR,Equi.,USD,26/03/2018,"6,2 i",
79,US7472871000, QISDA Corp GDS,Equi.,USD,26/03/2018,"3,66 i",
80,US74762X4079, QuantaComputer GDS,Equi.,USD,26/03/2018,"10,3 i",
81,US75419B1026, RattanIndI GDR,Equi.,USD,26/03/2018,"0,0785 i",
82,USY721231212, Raymond GDR,Equi.,USD,26/03/2018,"28,4 i",
83,US7560634005, RealtekSemicond GDS,Equi.,USD,26/03/2018,"16,9 i",
84,US75945L2025, RelianceCapital GDR,Equi.,USD,26/03/2018,"6,4 i",
85,US75945T2050, RelianceCommun GDR,Equi.,USD,26/03/2018,"0,36 i",
86,US7594701077, RelianceInd GDS,Equi.,USD,26/03/2018,"27,8 i",
87,US75950V2025, ReliancePower Reg S GDR,Equi.,USD,26/03/2018,"0,57 i",
88,US75950V1035, ReliancePower Rule 144A GDR,Equi.,USD,26/03/2018,"0,57 i",
89,US7677671486, Ritek GDR,Equi.,USD,26/03/2018,"0,388 i",
90,US79587U5048, Sampo GDS,Equi.,USD,26/03/2018,"9,65 i",
91,US7960542030, SamsungSDICo  GDS,Equi.,USD,26/03/2018,"46,8 i",
92,US8160841073, SELManufacturCo 1/1 GDR,Equi.,USD,26/03/2018,"0,03 i",
93,US8160842063, SELManufacturCo 1/100 GDR,Equi.,USD,26/03/2018,"3,0 i",
94,US82455T2033, ShinKongFinHldg  GDS,Equi.,USD,26/03/2018,"9,9 i",
95,US82706A1025, SilIntegrSysCor GDS,Equi.,USD,26/03/2018,"3,34 i",
96,US82936X1046, SinoAmSiliconPr GDS,Equi.,USD,26/03/2018,"3,46 i",
97,US78392B1070, SKhynixInc. 05 GDS,Equi.,USD,26/03/2018,"78,0 i",
98,US8436131002, SouthPetrochInd GDR,Equi.,USD,26/03/2018,"2,58 i",
99,US8534072033, StandardFoodsCo GDR,Equi.,USD,26/03/2018,"11,3 i",
100,US86960A1043, SuzlonEnergy GDR,Equi.,USD,26/03/2018,"0,68 i",
101,US87161A2087, SynnexTechIntl GDR,Equi.,USD,26/03/2018,"6,0 i",
102,US8765692038, TataGlobalBev GDS,Equi.,USD,26/03/2018,"4,04 i",
103,USY854791065, TataPower GDS,Equi.,USD,26/03/2018,"1110,0 i",
104,US8765664078, TataPower 09 GDS,Equi.,USD,26/03/2018,"12,4 i",
105,US87656Y1091, Tata Steel Ltd GDR,Equi.,USD,26/03/2018,"9,0 i",
106,US8766613074, TatungCo Rule 144A GDS,Equi.,USD,26/03/2018,"15,4 i",
107,US8766614064, TatungCo Internat GDS,Equi.,USD,26/03/2018,"15,4 i",
108,US87264G2012, TpkHoldingCoLtd 2012 Reg S GDS,Equi.,USD,26/03/2018,"2,46 i",
109,US87264G1022, TpkHoldingCoLtd 2012 Rule 144A GDS,Equi.,USD,26/03/2018,"2,46 i",
110,US8997321018, TungHoSteelEntr GDR,Equi.,USD,26/03/2018,"8,35 i",
111,US87310L2043, TWIPharmaceutic Reg S GDS,Equi.,USD,26/03/2018,"3,6 i",
112,US87310L1052, TWIPharmaceutic Rule 144A GDS,Equi.,USD,26/03/2018,"3,6 i",
113,US90403E1038, UltratechCement Rule 144A GDS,Equi.,USD,26/03/2018,"61,0 i",
114,US90403E2028, UltratechCement Level 1 GDS,Equi.,USD,26/03/2018,"61,0 i",
115,USY914251019, UniphosEnterpri GDR,Equi.,USD,26/03/2018,"1,31 i",
116,US91730W1053, UshaMartinEdSol GDR,Equi.,USD,19/02/2018,"0,02 i",
117,US9173002042, UshaMartin GDR,Equi.,USD,26/03/2018,"1,42 i",
118,US92241T1025, VedantaResource GDR,Equi.,USD,02/06/2018,"3,12 t",3 859
119,US92659X1081, VideoconIndustr GDR,Equi.,USD,19/02/2018,"0,272 i",
120,USY9489R1125, WalsinLihwa Reg S GDS,Equi.,USD,26/03/2018,"6,0 i",
121,US9331331002, WalsinLihwa Rule 144A GDS,Equi.,USD,26/03/2018,"6,0 i",
122,US92936W2044, WinsemicondCorp Reg S GDS,Equi.,USD,26/03/2018,"52,0 i",
123,US92936W1053, WinsemicondCorp Rule 144A GDS,Equi.,USD,26/03/2018,"52,0 i",
124,US9726572095, WinbondElec GDR,Equi.,USD,26/03/2018,"6,8 i",
125,US9773723096, Wistron GDS,Equi.,USD,26/03/2018,"8,7 i",
126,US9843268437, Yageo GDR,Equi.,USD,26/03/2018,"81,5 i",
127,US9892181028, ZeeLearn GDR,Equi.,USD,26/03/2018,"5,55 i",
