,0,1,2,3,4,5,6
0,LU0376142542, AristaSicavSif,Equi.,EUR,15/11/2017,"30,27 i",
1,KYG5736G1073, BalHarbourReEFd class A,Equi.,USD,28/03/2013,"1000,0 i",
2,LU1650052365, BiotoscanaInv,Equi.,USD,26/03/2018,"4,7 i",
3,JE00B5ZT8572, BlueCoastProper priv,Equi.,GBP,02/09/2018,"106,0 t",1 200
4,LU0080035727, BlueMarHoldings,Equi.,EUR,23/02/2018,"4,5 t",
5,LU0011857645, Brait ord,Equi.,EUR,26/03/2018,"2,36 i",
6,LU0033983072, Cedec,Equi.,EUR,03/07/2018,"700,0 t",
7,NL0011983374, EchoPolskaProp,Equi.,EUR,26/03/2018,"1,27 i",
8,LU1129894801, EDIFY act. ord.,Equi.,EUR,26/03/2018,"63,0 vp",
9,LU0386500333, FLE SICAV-FIS B,Equi.,EUR,29/06/2017,"98,91 i",
10,BMG4035L1155, GPInvestments Class A shares,Equi.,USD,20/03/2018,"1,78 i",
11,VGG5884M1041, MasRealEstate,Equi.,EUR,26/03/2018,"1,56 i",
12,LU0011859856, MidiluxHldgs,Equi.,USD,03/07/2007,"3,75 v",
13,LU0976591924, ParGroDiMez2013,Equi.,EUR,16/09/2014,"976,75 i",
14,LU1150706494, PGrSec2015EUR ord.,Equi.,EUR,07/04/2016,"784,75 i",
15,GB00B29LH959, PineappleCorp,Equi.,GBP,17/10/2017,"4,23 i",
16,BMG968101094, WilsonSons,Equi.,USD,02/08/2018,"11,6 i",
